<?xml version="1.0" encoding="utf-8"?>
<!DOCTYPE install PUBLIC "-//Joomla! 1.6//DTD template 1.0//EN" "http://www.joomla.org/xml/dtd/1.6/template-install.dtd">
<extension version="1.7.1" type="template" client="site">
	<name>bj_jupiter</name>
	<creationDate>6th March 2012</creationDate>
	<author>The ByJoomla Team</author>
	<authorEmail>admin@byjoomla.com</authorEmail>
	<authorUrl>http://www.byjoomla.com</authorUrl>
	<copyright>Copyright (C) 2008 - 2012 The ByJoomla Team. All rights reserved.</copyright>
	<license>GNU General Public License v3.0</license>
	<version>1.7.1</version>
	<description><![CDATA[
<img src="../templates/bj_jupiter/template_thumbnail.png" style="margin-right: 1em; float: left" />
		<p>You have installed B. Jupiter FREE successfully. Jupiter is an elegant Joomla template brought to you by byjoomla.com</p>		
		<p>
For information about more products, promotions, tutorials and other goodies please visit our website at <a href="http://byjoomla.com" title="Visit byjoomla.com">byjoomla.com</a></p>
	]]></description>
	<files>
		<filename>index.php</filename>
		<filename>template_thumbnail.png</filename>
		<filename>component.php</filename>
		<filename>favicon.ico</filename>
		<filename>index.html</filename>		
		<filename>read_tpl_params.php</filename>
		<filename>params.ini</filename>
		<folder>images</folder>
		<folder>css</folder>
		<folder>func</folder>	
		<folder>html</folder>
		<folder>language</folder>
	</files>
	<positions>
		<position>position-0</position>
		<position>position-1</position>
		<position>position-2</position>
		<position>position-3</position>
		<position>position-4</position>
		<position>position-5</position>
		<position>position-6</position>
		<position>position-7</position>
		<position>position-8</position>
		<position>position-9</position>
		<position>position-10</position>
		<position>position-11</position>
		<position>position-12</position>
		<position>position-13</position>
		<position>position-14</position>
		<position>position-15</position>
		<position>position-16</position>
		<position>position-17</position>
		<position>position-18</position>
		<position>position-19</position>
		<position>position-20</position>
		<position>position-21</position>
		<position>position-22</position>		
	</positions>
	
	<!-- 	For core templates, we also install/uninstall the language files in the core language folders.
	-->
	<languages folder="language">
		<language tag="en-GB">en-GB/en-GB.tpl_bj_jupiter.ini</language>
		<language tag="en-GB">en-GB/en-GB.tpl_bj_jupiter.sys.ini</language>
		<language tag="de-DE">de-DE/de-DE.tpl_bj_jupiter.ini</language>
		<language tag="es-ES">es-ES/es-ES.tpl_bj_jupiter.ini</language>
		<language tag="pl-PL">pl-PL/pl-PL.tpl_bj_jupiter.ini</language>
		<language tag="ru-RU">ru-RU/ru-RU.tpl_bj_jupiter.ini</language>
		<language tag="vi-VN">vi-VN/vi-VN.tpl_bj_jupiter.ini</language>
	</languages>
	<config>
		<fields name="params">
			<fieldset name="basic" label="Template Theme">
				<field name="templateColor" type="list" default="blue" label="TBL_JUPITER_PARAMS_COLORS" description="TBL_JUPITER_PARAMS_COLORS_DESC">
					<option value="blue">TBL_JUPITER_PARAMS_COLORS_BLUE</option>
				</field>				
			</fieldset>
			<fieldset name="advanced" label="Template layout">
				<field name="layout_fix_mainmenu_top" type="text" size="5" default="0" label="Fix Main Menu Margin Top" description="Adjust the position of Main Menu by entering the margin top value(in pixels)"/>
			</fieldset>			
			<fieldset name="other" label="Other options">
				<field name="logoPath" size="50" type="media" default="" label="TBL_JUPITER_PARAMS_LOGO_PATH" description="TBL_JUPITER_PARAMS_LOGO_PATH_DESC"/>
				<field name="logoLink" size="50" type="text" default="" label="TBL_JUPITER_PARAMS_LOGO_LINK" description="TBL_JUPITER_PARAMS_LOGO_LINK_DESC"/>
				<field name="logoSlogan" size="50" type="text" default="" label="TBL_JUPITER_PARAMS_LOGO_SLOGAN" description="TBL_JUPITER_PARAMS_LOGO_SLOGAN_DESC"/>
				<field name="@spacer" type="spacer" default="" label="" description=""/>
				<field name="textalign" type="list" default="LTR" label="TBL_JUPITER_PARAMS_ALIGN" description="TBL_JUPITER_PARAMS_ALIGN_DESC">
					<option value="LTR">TBL_JUPITER_PARAMS_ALIGN_VAL_1</option>
					<option value="RTL">TBL_JUPITER_PARAMS_ALIGN_VAL_2</option>
				</field>
			</fieldset>
		</fields>
	</config>
</extension>
